{
  "w_k": [
    503.99235970577143,
    75.66963911759957,
    52.124055102882,
    92.0127123920856,
    57.874485157004436,
    62.7527601379845,
    64.98284018331151,
    61.2517196029406,
    68.37363669965168,
    64.63379033318917,
    70.19286315981823,
    74.3552418597604,
    67.37687198591571,
    77.01547206553872,
    72.53169222671755,
    73.04657211859362,
    72.46289743952156,
    78.27477527973983,
    76.85082337155966,
    77.20235182972351,
    83.06371473513262,
    83.54989146469762,
    83.64434862420741,
    85.50482366439736,
    83.56476598496054,
    87.30057015962024,
    85.65086400572822,
    89.67565131436122,
    87.27050639695565,
    88.17390658448204,
    88.87705594412998,
    87.74997678344434,
    83.54418156416102,
    86.82370237894982,
    87.90093406686299,
    89.36735817948122,
    88.73302915135876,
    92.17650004275465,
    87.82405804368582,
    88.71409024104909,
    80.15949781640789,
    89.46541080416927,
    81.19101632791066,
    81.07044608001725,
    83.30236912542735,
    82.12555280392986,
    57.68319686437585,
    77.80179077170192,
    80.266604545839,
    78.57318136862867,
    70.50083400321007,
    78.00173990554073,
    81.99819053102705,
    78.99117198416567,
    68.08947492457396,
    72.60076702067897,
    78.1547929146041,
    79.03416858054442,
    67.17454921638611,
    70.92438300091001,
    78.2698305532845,
    71.08889493264118,
    58.08128933023489,
    68.88175654833003,
    78.69482756950447,
    65.54203070365115,
    71.54060159316458,
    78.5442959264888,
    76.71937404330664,
    77.57273902622403,
    76.21463061401121,
    78.35118225163171,
    77.39464092670657,
    76.34473780226479,
    75.72998488318495,
    72.83300629973212,
    71.17207611744719,
    73.25891401755399,
    75.68852088102805,
    72.51102792702918
  ],
  "w_v": [
    1120.0416984858152,
    125.74535035753254,
    42.44281916095122,
    66.39243139977994,
    34.348396180539986,
    37.29237314123565,
    30.903887473696276,
    33.64948701230792,
    31.902770683691898,
    33.146665975263616,
    29.40889443666249,
    30.834746993409112,
    31.337230203919567,
    28.936184463045052,
    27.90831058453917,
    29.498473569019595,
    29.322110218236837,
    26.69419025085481,
    27.130250041975568,
    30.86178394880086,
    29.548681934317667,
    26.532040824784662,
    31.63359650170496,
    29.75401062485905,
    31.96530107609164,
    30.929833537255313,
    30.656002794328565,
    25.382264365576788,
    26.20109624355569,
    25.151442408812024,
    26.98354075091975,
    22.841769979952836,
    29.13832172005741,
    23.298017102654757,
    25.582088634486677,
    24.486192321824916,
    27.190531830976973,
    25.49766536662549,
    27.10037415112326,
    28.029412784891452,
    30.8225584304241,
    28.50801619328153,
    30.854116166665644,
    30.24425822641635,
    29.057830678544494,
    31.06114370644083,
    36.93067175948395,
    31.710463872684493,
    32.62270676216838,
    30.92435443937751,
    34.145048415850525,
    33.30783294649965,
    28.938233421714497,
    31.764270803085214,
    32.40236782017149,
    32.34644962383661,
    31.294711415394968,
    34.3142677509356,
    35.843575751381536,
    34.75962822625464,
    34.68662343304805,
    36.653244405732124,
    38.0019809258368,
    34.424555919456,
    36.62248697762336,
    36.45650449100261,
    36.70605779253243,
    37.27242587948595,
    39.38279130086266,
    39.04927890335553,
    36.74610171255097,
    38.60336022348076,
    38.76471352854493,
    39.733375771371755,
    39.776482028894044,
    42.180032435796626,
    41.731752306799514,
    44.62601910044068,
    41.334365550630885,
    43.19518512937103
  ]
}