{
  "w_k": [
    73.36035876516765,
    63.84609900121037,
    58.01342638598867,
    56.78008367859331,
    55.59109949359788,
    57.09086208401907,
    56.31211897999424,
    57.81323067727393,
    56.34821862615241,
    56.18617032822402,
    55.37656371427652,
    54.44034229392293,
    55.12865259106723,
    54.99208705198285,
    52.61825857052753,
    52.867439243793456,
    54.75745103822211,
    52.1913855649732,
    51.248720807863876,
    51.36824387026114,
    50.87952303924008,
    48.266755501867195,
    47.783142503323376,
    49.558028126744084,
    47.692112095977556,
    47.162522631829965,
    42.978454681748076,
    43.35832691169599
  ],
  "w_v": [
    20.19409575399321,
    23.30703628340881,
    20.638983774798376,
    23.98915385168224,
    25.35760833459232,
    21.228973996285383,
    22.456130758298567,
    21.857711208507318,
    22.109729694614398,
    24.199202667972074,
    21.02597431079993,
    24.90011585167638,
    22.338616583754764,
    23.103386093065367,
    24.259189827155723,
    24.752363230905235,
    23.794185978903634,
    24.210807945487467,
    25.41320044306142,
    25.93994246190139,
    28.514101108910868,
    31.083545660320723,
    31.320687507444877,
    32.31462142353884,
    34.03254655891713,
    34.6258521789184,
    39.494919648530654,
    34.7570432959204
  ]
}