{
  "w_k": [
    55.17103303640845,
    56.17283872993969,
    57.37489962227901,
    57.22558494051635,
    56.43184412198537,
    56.59674302023196,
    56.60651747448109,
    57.08920531828287,
    56.18895727691895,
    55.89852941078452,
    56.58892151246537,
    55.997922266382105,
    54.62293804872872,
    56.16785352173834,
    55.6515579491477,
    54.65762620413914,
    55.24332776785176,
    55.22815132952695,
    56.553184263711586,
    54.18424537731407,
    53.376677780855395,
    53.76788190497,
    52.450532500024416,
    52.20811523227137,
    49.713667498285744,
    49.569766330665196,
    50.96972156537978,
    50.31960170843661,
    47.91293324165716,
    50.2340795870931,
    43.79178335854599,
    48.432372296165035
  ],
  "w_v": [
    14.795982038689331,
    18.306148012524133,
    15.143326404303432,
    17.81866845571659,
    19.113782577089324,
    15.9788840916143,
    17.298208205606127,
    17.078358123875603,
    18.006561012187124,
    20.852055826665303,
    18.02624749053221,
    17.70852652365406,
    20.772447417410397,
    19.344352121160806,
    19.16115715433421,
    20.871105650626703,
    19.702616400725304,
    21.598697196005414,
    19.730112936506398,
    20.79536130411992,
    21.912452421306288,
    22.539793009381807,
    23.772891286911005,
    25.02641803742251,
    27.29204738157047,
    27.422141438749506,
    28.62174575241723,
    30.601558746956105,
    31.65006986238146,
    32.79360619642282,
    38.96987660545373,
    34.40960489641641
  ]
}