{
  "w_k": [
    75.02822493877606,
    65.32945563697798,
    59.16629772800243,
    57.78744304668083,
    56.629295191496716,
    58.16637932073715,
    57.31273334660282,
    58.76017732778382,
    57.32018833394092,
    57.25640262641403,
    56.46456842716465,
    55.42217836625254,
    56.418019225871,
    56.25825651964413,
    53.73509809520689,
    54.137597318577825,
    56.08382050422981,
    53.40516770690536,
    52.521935460602705,
    52.49201996282908,
    52.08354999587249,
    49.43779425558866,
    48.84394318175361,
    50.69047379412831,
    48.82022248482796,
    48.131163284065494,
    43.79261213231249,
    44.14621794697353
  ],
  "w_v": [
    20.34716082648411,
    23.502218002159207,
    20.840688765187576,
    24.371491951376907,
    25.80867085505009,
    21.548957324622187,
    22.83403310151083,
    22.25910699165592,
    22.55001261365501,
    24.778958444416308,
    21.492286513154657,
    25.38908691631139,
    22.779098716098385,
    23.519420636905252,
    24.731114572515295,
    25.180087633437203,
    24.085290020588403,
    24.60775142986842,
    25.723935297628028,
    26.349835626064813,
    28.950190144707967,
    31.673075676414204,
    31.9636615442129,
    32.994358464596694,
    34.69345889419754,
    35.38195545244928,
    40.407521469287296,
    35.435551403011914
  ]
}