{
  "w_k": [
    48.880206136330905,
    41.58490178827668,
    39.08830044965529,
    38.00575904170329,
    37.46657475325142,
    37.87799084135274,
    39.1431365287822,
    38.88252547372411,
    39.42474044647799,
    37.83487871201371,
    35.606972896913845,
    38.64585894349941,
    37.09097873489084,
    34.19983702392307,
    31.26462722562327,
    30.94847534760696
  ],
  "w_v": [
    9.363321579299916,
    10.009911934067647,
    11.965715197571685,
    14.197871014376611,
    13.68137053049427,
    11.510565072713074,
    13.4869155324071,
    14.070118251528024,
    13.182412148017132,
    14.460264069277235,
    12.818761351954675,
    13.703444560358374,
    14.722396242998837,
    17.521287357949365,
    23.255647233019754,
    22.225367666801173
  ]
}