{
  "w_k": [
    47.84721500326181,
    40.66523072366952,
    38.30477556131099,
    37.33361695606891,
    36.779386879715474,
    37.13409062463897,
    38.393194160998796,
    38.05327908536865,
    38.47011760697096,
    36.96082371337854,
    34.640519104893045,
    37.607463464374085,
    36.16598187745,
    33.40012509395188,
    30.629943981743658,
    30.340249733742535
  ],
  "w_v": [
    9.396802176457525,
    9.962553206372936,
    11.746905436232243,
    13.874483908103329,
    13.347723104125755,
    11.254518972539621,
    13.116341522776699,
    13.670311208528426,
    12.931570967409256,
    14.190396687417875,
    12.647222661932197,
    13.642988163332763,
    14.550880016587692,
    17.188151218303563,
    22.669584061914154,
    21.714381369319
  ]
}