{
  "w_k": [
    55.445754582575624,
    56.43022614667688,
    57.6472770406262,
    57.4959108705731,
    56.695542127212185,
    56.86778939395651,
    56.88424250930716,
    57.36166789078753,
    56.453323007070054,
    56.173148488696185,
    56.87281367979106,
    56.286496937703895,
    54.896610438996916,
    56.46554450529332,
    55.963984332538544,
    54.9467053707336,
    55.53869499587241,
    55.52688769776756,
    56.877744916976475,
    54.480238182846435,
    53.67513314629967,
    54.05730913033402,
    52.73003851416258,
    52.48178276149356,
    49.97015349753752,
    49.82284046853486,
    51.228572979021166,
    50.58273888920957,
    48.167452855043855,
    50.47626705121494,
    44.00732798681181,
    48.66043880157133
  ],
  "w_v": [
    14.861448831332916,
    18.37553481693618,
    15.20133466591931,
    17.89618496179063,
    19.19786895993788,
    16.043607281323233,
    17.37648470741083,
    17.155128606239582,
    18.092893300129685,
    20.961244591746603,
    18.1161108923325,
    17.797514845626825,
    20.860431561202393,
    19.432731065031007,
    19.242840298385385,
    20.96635942484712,
    19.777496409422245,
    21.698001298487576,
    19.7981672806992,
    20.895147581243812,
    22.004597980517143,
    22.64606461334418,
    23.869532596363527,
    25.13280402188079,
    27.415808008032794,
    27.54674084548152,
    28.75075749850997,
    30.73861750214136,
    31.78987770646596,
    32.943527362167,
    39.14358857371642,
    34.56210258434846
  ]
}