{
  "w_k": [
    58.97812978623642,
    51.497274158301785,
    54.17562070414626,
    52.773333712286835,
    54.64290505584798,
    53.4080641192922,
    53.85517462384796,
    53.95093448599296,
    55.244077216342994,
    53.38840187675428,
    54.845015915277564,
    55.35875383281539,
    54.435568471590074,
    54.13953788165181,
    54.62737498607217,
    54.13429048050781,
    52.42572283595288,
    51.245236373271304,
    52.092452120710725,
    50.401367957034736,
    50.33445822885284,
    50.310650725195245,
    48.721768282698775,
    51.0268971393878,
    50.72740036385257,
    51.68244275084135,
    50.81258841401791,
    49.20807454105205,
    50.43068811961026,
    49.307681764094404,
    51.11345744995188,
    49.44383718851246,
    49.72555604008683,
    45.777155896670614,
    48.13914787109745,
    49.9659903190334
  ],
  "w_v": [
    52.102278295455044,
    54.881142983958235,
    56.4447812011333,
    57.3205918674236,
    57.75564244728486,
    56.6969194628081,
    57.653906576630746,
    61.73571992907815,
    61.36727292137322,
    62.170148493750716,
    61.45848930893665,
    62.13231445466148,
    61.97229975785204,
    60.86066405753424,
    59.28952065642117,
    58.48675622455869,
    58.47617236394101,
    57.25976488410592,
    58.5444384341816,
    57.50474191930474,
    57.693029025671265,
    57.00259449786573,
    57.15546622776657,
    58.06199017550806,
    56.6565410139214,
    59.31024544406276,
    58.6175956251669,
    57.72906124315645,
    60.02596245991282,
    57.07939819958533,
    60.85969505439985,
    62.23155847277667,
    61.54147805806769,
    64.68754936285006,
    64.29146714419458,
    60.28932860851512
  ]
}