{
  "w_k": [
    60.5276549475846,
    40.37834806576489,
    52.4938423913134,
    51.70288260599223,
    52.84972589096076,
    51.3148978832238,
    52.38222980903992,
    55.34230353526756,
    54.556431328186136,
    53.32161541643467,
    55.33880690404278,
    55.62907347818156,
    55.50885336185715,
    55.12176766034093,
    54.1718452336131,
    55.62253160885764,
    55.76526174771972,
    55.458266578156945,
    55.86626847546723,
    57.259653712447516,
    55.53983835209277,
    55.89450314920295,
    56.67299857105452,
    55.238123044511475,
    55.713815103404436,
    56.97943041564157,
    54.96537882525904,
    54.71681579271277,
    52.936823707377904,
    53.518099551610575,
    50.69962225068378,
    51.534167358851285,
    53.119997687317245,
    54.72844280173688,
    55.25878529811328,
    55.32720153520941,
    55.670320699924154,
    55.74118979816718,
    54.769525012049314,
    55.815715116399474,
    56.56074166382509,
    55.709116304403445,
    55.625629774620776,
    55.197642871823554,
    52.72248563119665,
    52.3558928152707,
    53.31229239264119,
    52.65728716629752,
    50.096692683057704,
    53.30976326080203,
    51.48089691167683,
    52.81016028068122,
    50.22389536603772,
    52.20991317764741,
    53.32448242058414,
    50.948444234819604,
    51.44327144736636,
    49.123811455624846,
    47.823711332050046,
    46.53234268631877,
    51.97112318476206,
    49.676856229540284,
    48.78808070665964,
    48.56674451828227
  ],
  "w_v": [
    55.301676937630326,
    42.509386784970886,
    53.895232733734126,
    54.79439304678698,
    55.12011080020224,
    53.15806642598847,
    56.05290453806626,
    59.99596630756877,
    58.949339839617046,
    56.17611582146169,
    59.61623595635817,
    60.53931764108936,
    59.806248969572806,
    59.50214237510231,
    59.15959527026412,
    60.505365840403854,
    59.51604824872933,
    57.50859428282395,
    58.80435457445905,
    59.29074894505895,
    58.348560068331565,
    61.70829421244963,
    60.00705846479088,
    58.93184806195084,
    61.13320043592917,
    60.965705753610514,
    60.865565365333865,
    59.266095704984195,
    58.272200812182184,
    58.135959729783416,
    57.281045298634254,
    57.50768619309216,
    60.51731159594307,
    59.94085766519793,
    61.32925354072453,
    62.70237342486751,
    63.65149353769817,
    63.28114775413846,
    64.11482404039907,
    63.62155082344935,
    63.26502198146859,
    62.90196562656861,
    62.43955085477035,
    62.221874538955774,
    61.47332893932107,
    62.62055218880939,
    60.549545262763196,
    61.02300488818538,
    61.55114546700364,
    61.4959165618697,
    60.298161051433766,
    59.138157208523396,
    58.679345622555466,
    60.397067086077605,
    58.61210411370844,
    59.823002456348846,
    60.76796100776914,
    58.07027174419472,
    60.12205768298394,
    58.63077920388027,
    64.74163267130169,
    62.200646215234045,
    64.9637871166725,
    60.56474828074587
  ]
}