{
  "w_k": [
    59.947341427102415,
    41.70132638458575,
    53.63565746276867,
    53.008655902806645,
    54.15587905335681,
    53.0080603629412,
    52.97396895830987,
    55.700106937239,
    55.636002422715556,
    55.40539513538943,
    56.205229925192526,
    56.22885372089528,
    56.67646928168557,
    56.47596530937316,
    55.64216679360679,
    56.59288131890975,
    56.74355407337353,
    55.567435417873114,
    55.71778343928207,
    55.37860235626079,
    52.799217027336134,
    52.597583624637416,
    53.646674475347915,
    52.815026453589006,
    50.281224563433874,
    53.47408703391608,
    52.2500573630609,
    53.3285849292428,
    51.25214714055109,
    53.01521383257227,
    54.09536236966054,
    51.73009820620329,
    52.319314683342036,
    50.13997024705087,
    48.973904197309594,
    47.74365562562744,
    52.5448123745103,
    49.930842850128634,
    49.12533843882106,
    49.54225329993956
  ],
  "w_v": [
    53.93981798508958,
    45.296731473070814,
    56.664527829001436,
    57.548339229913026,
    57.91554391071448,
    58.32673818762438,
    59.31258758656301,
    61.887989109954816,
    61.43238951004951,
    61.327004391250284,
    61.57746732167881,
    63.34714875990511,
    64.01926891527512,
    63.42753613875107,
    64.54393503225428,
    63.39167730659718,
    62.92999229011481,
    62.24467014161952,
    61.085839707684855,
    60.993225443078984,
    60.8543973099065,
    62.069053820293576,
    59.953217700274216,
    59.848432112810706,
    61.16348000597613,
    61.27257145885727,
    60.02747065055399,
    59.1716613781609,
    59.40250016961046,
    60.52135892059677,
    59.03731004620455,
    60.064909738443916,
    60.55204485905426,
    58.829735000936196,
    60.62406954369933,
    60.48377568431886,
    65.05689108304819,
    63.388473775846286,
    65.95568980544283,
    61.38401600321203
  ]
}