{
  "w_k": [
    31.36790652380025,
    29.648627966060907,
    28.729421050945533,
    29.472195316235435,
    28.88349842606296,
    28.551707492809232,
    28.245503338196333,
    26.90265371719537,
    27.59850814925286,
    27.270095004946953,
    27.603264756705844,
    27.2558214688109,
    26.29483439274263,
    24.85560773471704,
    24.75918106488145,
    23.37159875398684,
    24.352377775059793,
    23.806137644301483,
    23.268999554381367,
    23.47138437287548,
    25.374275538991743,
    25.947330781689832,
    26.573304904366747,
    25.824840819890532,
    25.923755606202135,
    24.290387108222745,
    23.885261373068428,
    29.21902967476451
  ],
  "w_v": [
    27.26808145971864,
    29.1072530952059,
    28.569875775479005,
    30.81213067016785,
    30.28707597831537,
    28.78116611422963,
    28.851389578505707,
    28.355281494850185,
    28.29660285087051,
    27.66742586721434,
    27.63434860236225,
    26.298374562654395,
    26.978581524458818,
    26.91962022173744,
    25.434305426847516,
    26.47536379277202,
    26.30594371214463,
    27.24016894895049,
    26.020124972821524,
    26.449425676248286,
    27.687524025411584,
    29.502755506646473,
    29.529496730699947,
    28.779439578532557,
    28.548363345533247,
    31.48811558943957,
    30.265746153610053,
    33.08722452482143
  ]
}