{
  "w_k": [
    39.79057376834768,
    36.453374197819876,
    37.509077884991655,
    36.33069823846681,
    37.36727097833855,
    36.69837070495903,
    36.83436022636719,
    36.864957188061226,
    37.52448571498358,
    36.19965917882568,
    37.30679892964952,
    37.79070351695974,
    37.17877910203986,
    36.92280956880717,
    37.226341476417204,
    37.03819772555551,
    35.92734835998023,
    34.9081258730302,
    35.32962318465505,
    34.18213477231895,
    33.81604960935293,
    33.72420912058923,
    32.49776648050861,
    34.337755150619635,
    34.31772232327467,
    35.45837114080829,
    34.97347354804848,
    33.61521240689751,
    34.714524741702796,
    33.95137059813451,
    35.307450695053355,
    33.96025095733016,
    34.14371256114956,
    30.644517272698096,
    32.9674602574963,
    35.14071620446551
  ],
  "w_v": [
    37.15224947103999,
    37.76245649608351,
    39.19155584811274,
    39.457975916436595,
    39.86555982790746,
    39.51642599045957,
    39.479332984402504,
    42.23378941878427,
    42.154616885513924,
    42.56425913816617,
    42.23270724158142,
    42.65725732170473,
    42.25629272586995,
    41.29357486433223,
    40.23771031929402,
    39.84392801334083,
    39.953124739766636,
    38.98966866591859,
    39.606908766955804,
    38.835885704528906,
    38.80770138771457,
    38.0966717379021,
    38.08338801337853,
    38.742433320401595,
    38.29097446319631,
    40.013189326879576,
    39.721029267416576,
    38.66972447945065,
    40.59790897437516,
    38.83167570358783,
    41.11164458055656,
    42.72916372817115,
    42.59767843937591,
    45.58351790873659,
    45.581756689703376,
    42.84761047807588
  ]
}