{
  "w_k": [
    26.32709312438965,
    11.15378189086914,
    7.437763690948486,
    8.515483856201172,
    8.76318645477295,
    8.212864875793457,
    9.080473899841309,
    9.674284934997559,
    8.593716621398926,
    8.224767684936523,
    7.792922019958496,
    9.050600051879883,
    8.15233325958252,
    8.386734962463379,
    9.090827941894531,
    8.531490325927734,
    8.567151069641113,
    8.435270309448242,
    8.276335716247559,
    8.527533531188965,
    8.302396774291992,
    7.676096439361572,
    7.336709022521973,
    8.033068656921387,
    7.696242332458496,
    7.237564563751221,
    7.657435894012451,
    9.035496711730957
  ],
  "w_v": [
    1.5296552181243896,
    1.4005881547927856,
    1.5136905908584595,
    1.4102253913879395,
    1.5654114484786987,
    1.3682905435562134,
    1.5158518552780151,
    1.5398017168045044,
    1.4412124156951904,
    1.6206157207489014,
    1.5763343572616577,
    1.7136155366897583,
    1.4815016984939575,
    1.3876184225082397,
    1.4510176181793213,
    1.4055559635162354,
    1.5208820104599,
    1.3891167640686035,
    1.5472623109817505,
    1.4966038465499878,
    1.745002031326294,
    1.7935550212860107,
    1.899274468421936,
    1.8669368028640747,
    2.0143918991088867,
    2.2629380226135254,
    2.707838535308838,
    2.074422836303711
  ]
}