{
  "w_k": [
    18.71541976928711,
    9.467576026916504,
    7.193299293518066,
    7.504894733428955,
    7.610051155090332,
    7.513648509979248,
    8.170053482055664,
    8.451081275939941,
    7.40847635269165,
    7.0356831550598145,
    6.824819087982178,
    6.79643440246582,
    7.926728248596191,
    7.272103786468506,
    7.224287509918213,
    7.691244125366211,
    8.17369270324707,
    7.508660793304443,
    7.8357110023498535,
    7.182188034057617,
    7.245451927185059,
    7.059974670410156,
    6.683425426483154,
    6.7619709968566895,
    6.469398498535156,
    6.427725791931152,
    6.981903553009033,
    7.079747676849365,
    7.189314842224121,
    7.70827579498291,
    7.199530124664307,
    8.187318801879883
  ],
  "w_v": [
    1.9487369060516357,
    1.3025504350662231,
    1.0399950742721558,
    1.013596534729004,
    1.1625384092330933,
    1.018599271774292,
    1.105216145515442,
    1.1801965236663818,
    1.1210798025131226,
    1.3576874732971191,
    1.2741713523864746,
    1.2875899076461792,
    1.2783268690109253,
    1.1599403619766235,
    1.106582760810852,
    1.2699098587036133,
    1.1517506837844849,
    1.2898253202438354,
    1.1953396797180176,
    1.2757487297058105,
    1.3041247129440308,
    1.3275891542434692,
    1.374226689338684,
    1.630996823310852,
    1.5549602508544922,
    1.7345175743103027,
    1.6463024616241455,
    1.9214320182800293,
    1.9470674991607666,
    2.0279388427734375,
    2.5789682865142822,
    2.753046989440918
  ]
}