{
  "w_k": [
    360.10333251953125,
    38.72062683105469,
    18.710590362548828,
    57.06636428833008,
    13.459795951843262,
    19.006893157958984,
    11.479068756103516,
    10.442723274230957,
    15.091309547424316,
    15.327288627624512,
    10.187445640563965,
    13.31507396697998,
    12.427804946899414,
    11.730053901672363,
    9.887178421020508,
    10.047231674194336,
    10.448234558105469,
    9.94464111328125,
    9.748942375183105,
    10.029095649719238,
    11.164502143859863,
    9.701151847839355,
    10.189459800720215,
    10.240530014038086,
    14.771821022033691,
    11.4800386428833,
    11.061635971069336,
    10.866750717163086,
    10.31425952911377,
    10.402856826782227,
    11.466699600219727,
    9.308650016784668,
    11.734535217285156,
    9.818868637084961,
    10.857948303222656,
    10.67419147491455,
    12.405035018920898,
    12.376213073730469,
    12.250621795654297,
    11.948464393615723,
    12.173270225524902,
    12.388325691223145,
    13.871941566467285,
    12.918132781982422,
    10.152791976928711,
    13.268853187561035,
    19.89685821533203,
    12.850211143493652,
    13.530193328857422,
    12.578896522521973,
    15.100298881530762,
    13.274401664733887,
    9.844718933105469,
    12.477992057800293,
    14.529670715332031,
    14.119487762451172,
    9.025580406188965,
    11.772411346435547,
    14.186960220336914,
    15.413812637329102,
    9.655776977539062,
    14.289007186889648,
    20.55025863647461,
    16.254741668701172,
    11.145039558410645,
    17.733631134033203,
    16.018692016601562,
    13.030221939086914,
    11.228900909423828,
    14.62495231628418,
    12.644611358642578,
    11.04239273071289,
    11.05700397491455,
    11.214171409606934,
    11.204439163208008,
    10.252178192138672,
    11.26623821258545,
    10.85903263092041,
    12.494534492492676,
    19.181659698486328
  ],
  "w_v": [
    575.8665161132812,
    78.51110076904297,
    25.692846298217773,
    58.07436752319336,
    2.2171385288238525,
    14.677474975585938,
    2.051466703414917,
    2.312307119369507,
    2.0135083198547363,
    2.023782253265381,
    1.8775547742843628,
    2.964778184890747,
    1.9999738931655884,
    1.590617060661316,
    1.6023576259613037,
    2.039278984069824,
    1.673998475074768,
    1.3596341609954834,
    1.3785380125045776,
    1.6268709897994995,
    1.7335796356201172,
    1.5437417030334473,
    1.5431584119796753,
    1.4460018873214722,
    1.5649434328079224,
    1.5548595190048218,
    1.675508975982666,
    1.5093258619308472,
    1.8924154043197632,
    2.286635637283325,
    1.6316341161727905,
    1.397061824798584,
    1.8729448318481445,
    1.4636235237121582,
    1.5507150888442993,
    2.012657403945923,
    1.546950340270996,
    1.197096586227417,
    1.3244812488555908,
    1.666777491569519,
    1.8474806547164917,
    1.3013087511062622,
    1.4922916889190674,
    1.9308216571807861,
    1.9851161241531372,
    1.6866039037704468,
    1.771623134613037,
    2.409242868423462,
    1.8304365873336792,
    1.7177214622497559,
    1.6967118978500366,
    1.8640469312667847,
    1.8772884607315063,
    1.602655053138733,
    1.4719117879867554,
    2.7196688652038574,
    1.926128625869751,
    2.330284833908081,
    2.2697479724884033,
    2.4446845054626465,
    3.171577215194702,
    2.097137451171875,
    1.9556548595428467,
    2.4153852462768555,
    2.181368589401245,
    2.407806158065796,
    2.5228705406188965,
    1.9407565593719482,
    2.2624878883361816,
    2.1383399963378906,
    2.778691291809082,
    2.0616629123687744,
    3.4790289402008057,
    2.8632609844207764,
    3.7414605617523193,
    2.1666100025177,
    3.6832776069641113,
    2.874030828475952,
    2.5443551540374756,
    2.281754732131958
  ]
}