{
  "w_k": [
    26.54134750366211,
    11.303335189819336,
    7.534957408905029,
    8.576635360717773,
    8.869528770446777,
    8.34177303314209,
    9.175355911254883,
    9.805336952209473,
    8.724615097045898,
    8.327125549316406,
    7.895501136779785,
    9.21277141571045,
    8.253069877624512,
    8.467227935791016,
    9.1292142868042,
    8.625709533691406,
    8.667781829833984,
    8.524323463439941,
    8.410828590393066,
    8.628100395202637,
    8.425862312316895,
    7.854687690734863,
    7.433178424835205,
    8.181015968322754,
    7.89399528503418,
    7.394105911254883,
    7.812403202056885,
    9.130233764648438
  ],
  "w_v": [
    1.5935463905334473,
    1.4521554708480835,
    1.5473315715789795,
    1.451600193977356,
    1.6177083253860474,
    1.413621187210083,
    1.5617029666900635,
    1.5871063470840454,
    1.498672604560852,
    1.6678231954574585,
    1.6357026100158691,
    1.7917115688323975,
    1.5223373174667358,
    1.4345561265945435,
    1.4867053031921387,
    1.4325040578842163,
    1.58037269115448,
    1.4199082851409912,
    1.6155985593795776,
    1.5668944120407104,
    1.816528081893921,
    1.841374158859253,
    1.9688332080841064,
    1.9147921800613403,
    2.0633037090301514,
    2.3643758296966553,
    2.721400260925293,
    2.1085517406463623
  ]
}