{
  "w_k": [
    16.441965103149414,
    8.676370620727539,
    7.0818095207214355,
    8.29294204711914,
    8.22917366027832,
    8.281497955322266,
    8.698945045471191,
    7.745790481567383,
    8.210711479187012,
    8.440902709960938,
    7.35161018371582,
    8.94550895690918,
    8.212823867797852,
    7.474687576293945,
    6.991170406341553,
    8.064027786254883
  ],
  "w_v": [
    1.0496671199798584,
    0.9288007020950317,
    1.039441466331482,
    1.078865647315979,
    1.0681129693984985,
    1.0471405982971191,
    1.1203793287277222,
    1.2349814176559448,
    1.040048360824585,
    1.0295915603637695,
    1.211816430091858,
    1.0621002912521362,
    1.1222702264785767,
    1.2576262950897217,
    2.775667428970337,
    2.1325953006744385
  ]
}