{
  "w_k": [
    18.841331481933594,
    9.504061698913574,
    7.224102020263672,
    7.536893367767334,
    7.641216278076172,
    7.544466018676758,
    8.20584487915039,
    8.486991882324219,
    7.440611362457275,
    7.066732883453369,
    6.8486647605896,
    6.830624103546143,
    7.964515686035156,
    7.304991245269775,
    7.256522178649902,
    7.7198286056518555,
    8.21044635772705,
    7.5310468673706055,
    7.871270656585693,
    7.204564571380615,
    7.276163578033447,
    7.0900959968566895,
    6.712085247039795,
    6.792009353637695,
    6.507842063903809,
    6.460343360900879,
    7.013789653778076,
    7.112163066864014,
    7.229684829711914,
    7.750882625579834,
    7.233879089355469,
    8.21463680267334
  ],
  "w_v": [
    1.9603379964828491,
    1.312455177307129,
    1.052064061164856,
    1.0206228494644165,
    1.1708515882492065,
    1.0230354070663452,
    1.1138527393341064,
    1.1880217790603638,
    1.128973126411438,
    1.3667222261428833,
    1.2820091247558594,
    1.292531132698059,
    1.2891271114349365,
    1.1631758213043213,
    1.113141417503357,
    1.281461477279663,
    1.15595281124115,
    1.2997500896453857,
    1.1996299028396606,
    1.2834477424621582,
    1.3159515857696533,
    1.3366751670837402,
    1.3794077634811401,
    1.6418213844299316,
    1.5622035264968872,
    1.74319589138031,
    1.6544134616851807,
    1.9271914958953857,
    1.9607752561569214,
    2.0423951148986816,
    2.593790292739868,
    2.781588077545166
  ]
}