{
  "w_k": [
    16.354473114013672,
    8.510795593261719,
    6.968631267547607,
    8.200028419494629,
    8.146915435791016,
    8.156609535217285,
    8.568694114685059,
    7.631037712097168,
    8.127361297607422,
    8.345749855041504,
    7.290618419647217,
    8.873621940612793,
    8.106322288513184,
    7.387264251708984,
    6.877309799194336,
    7.901419639587402
  ],
  "w_v": [
    1.0046899318695068,
    0.8972923755645752,
    0.9853745698928833,
    1.0293128490447998,
    1.0167053937911987,
    1.0110727548599243,
    1.0627976655960083,
    1.1869311332702637,
    1.006223440170288,
    1.0027104616165161,
    1.1693259477615356,
    1.036328911781311,
    1.0930516719818115,
    1.2278653383255005,
    2.6874654293060303,
    2.0906548500061035
  ]
}