{
  "w_k": [
    8.109519004821777,
    5.384908676147461,
    5.31803035736084,
    5.120225429534912,
    5.021472930908203,
    6.047485828399658,
    4.3978962898254395,
    4.493697643280029,
    4.050757884979248,
    3.8482825756073,
    4.220648765563965,
    4.1278886795043945,
    4.071794509887695,
    5.249699115753174,
    4.106611251831055,
    5.21759557723999,
    5.738513946533203,
    4.839181423187256,
    5.549731731414795,
    3.912280559539795,
    3.639333724975586,
    3.5735573768615723,
    3.5583176612854004,
    3.9855101108551025,
    3.6627390384674072,
    3.724351644515991,
    3.717007875442505,
    3.121551513671875,
    3.4307868480682373,
    3.3601956367492676,
    3.801764965057373,
    3.62614369392395,
    3.7460103034973145,
    3.5915725231170654,
    4.134568214416504,
    4.823126792907715
  ],
  "w_v": [
    2.6927547454833984,
    2.8140804767608643,
    2.784494161605835,
    2.898916482925415,
    2.468975305557251,
    2.844191074371338,
    2.3526506423950195,
    2.6623682975769043,
    2.6097700595855713,
    2.6967737674713135,
    2.3147480487823486,
    2.646609306335449,
    2.556842803955078,
    3.510213851928711,
    2.6227974891662598,
    3.3270487785339355,
    3.340664863586426,
    4.074764251708984,
    4.0703816413879395,
    2.4716410636901855,
    2.628138303756714,
    2.5750226974487305,
    2.2144768238067627,
    2.067535161972046,
    2.467665195465088,
    2.2111105918884277,
    2.3526456356048584,
    2.5067954063415527,
    2.396959066390991,
    2.7733044624328613,
    2.42376971244812,
    2.723038673400879,
    2.8475563526153564,
    3.891355037689209,
    2.6456851959228516,
    3.6011948585510254
  ]
}