{
  "w_k": [
    8.10860538482666,
    4.144773483276367,
    4.626229763031006,
    3.2831058502197266,
    4.010223865509033,
    3.502534866333008,
    3.205915689468384,
    3.5738115310668945,
    6.539638042449951,
    3.0652010440826416,
    3.8887758255004883,
    3.59411358833313,
    6.132353782653809,
    5.110662460327148,
    5.142119407653809,
    2.9565935134887695,
    2.8943428993225098,
    2.7834153175354004,
    2.391260862350464,
    2.5612447261810303,
    2.90322208404541,
    2.6822638511657715,
    2.706970453262329,
    2.73125958442688,
    3.298720359802246,
    3.1407597064971924,
    3.1997323036193848,
    5.156917572021484
  ],
  "w_v": [
    1.923010230064392,
    2.439448118209839,
    2.438667058944702,
    2.4206550121307373,
    2.127875804901123,
    2.6440539360046387,
    2.1617019176483154,
    2.1304564476013184,
    3.755747079849243,
    2.188856363296509,
    2.2567269802093506,
    2.310295820236206,
    4.10842752456665,
    3.9434375762939453,
    3.420616865158081,
    2.1656908988952637,
    2.120479106903076,
    2.0170652866363525,
    2.1809396743774414,
    2.3028290271759033,
    2.2195630073547363,
    2.63657546043396,
    2.3739378452301025,
    2.312211513519287,
    2.3184664249420166,
    3.008214235305786,
    2.8827295303344727,
    2.545099973678589
  ]
}