{
  "w_k": [
    13.728800773620605,
    7.77790641784668,
    8.902738571166992,
    8.412991523742676,
    8.674704551696777,
    9.174665451049805,
    8.344383239746094,
    7.318143367767334,
    6.318800926208496,
    5.452007293701172,
    5.915740489959717,
    6.240016460418701,
    5.474302768707275,
    6.604647159576416,
    6.651977062225342,
    5.826294422149658,
    6.319398403167725,
    6.7895827293396,
    5.286469459533691,
    5.822720050811768,
    5.686925411224365,
    5.510514259338379,
    6.018272399902344,
    5.2591753005981445,
    6.123259544372559,
    5.670126914978027,
    5.152902126312256,
    5.240204811096191,
    5.079680442810059,
    4.8141021728515625,
    4.684980392456055,
    4.540984153747559,
    5.216923713684082,
    5.075303554534912,
    5.774673938751221,
    5.756775856018066,
    4.890941619873047,
    6.141592025756836,
    5.887144565582275,
    5.566974639892578,
    5.663747787475586,
    6.567373752593994,
    5.349533557891846,
    6.438313007354736,
    5.573531627655029,
    5.497943878173828,
    6.922722339630127,
    5.505660057067871,
    6.373258590698242,
    6.856806755065918,
    5.370116233825684,
    7.828719615936279,
    4.799488544464111,
    4.731382369995117,
    5.067056179046631,
    4.587000370025635,
    4.651092052459717,
    4.340210437774658,
    4.630616664886475,
    5.060120582580566,
    5.8642425537109375,
    5.4434919357299805,
    5.381153583526611,
    5.661738395690918
  ],
  "w_v": [
    5.445340633392334,
    3.753896951675415,
    4.071202754974365,
    4.343164920806885,
    3.726328134536743,
    4.650020122528076,
    4.045353412628174,
    3.3262741565704346,
    3.515204668045044,
    4.367406368255615,
    3.790215015411377,
    3.56746244430542,
    4.151442050933838,
    3.657925605773926,
    3.9156761169433594,
    4.1585493087768555,
    4.314237117767334,
    4.588420867919922,
    4.585438251495361,
    4.301197052001953,
    4.081912994384766,
    3.8543057441711426,
    3.9657227993011475,
    3.9991562366485596,
    3.399182081222534,
    3.1872997283935547,
    3.246591806411743,
    3.639387607574463,
    3.2973575592041016,
    3.1004536151885986,
    3.131101369857788,
    3.258868932723999,
    3.627174139022827,
    4.340188026428223,
    3.554795742034912,
    3.334195137023926,
    3.874495029449463,
    3.430748224258423,
    3.447999954223633,
    3.7589452266693115,
    3.6354095935821533,
    4.2688093185424805,
    3.782252788543701,
    4.118184566497803,
    3.5189969539642334,
    3.252471446990967,
    5.025742053985596,
    3.3153581619262695,
    3.686685800552368,
    3.771838665008545,
    3.158099889755249,
    4.480912685394287,
    4.36922550201416,
    3.09259295463562,
    2.992339611053467,
    3.706594944000244,
    3.178453207015991,
    3.2750377655029297,
    3.5843911170959473,
    4.4431843757629395,
    3.3091142177581787,
    4.900970458984375,
    4.875093936920166,
    3.9497904777526855
  ]
}