{
  "w_k": [
    12.868928909301758,
    6.73164701461792,
    7.010065078735352,
    6.579319953918457,
    6.669497489929199,
    7.531597137451172,
    7.788632869720459,
    6.5536980628967285,
    6.1002655029296875,
    4.9779157638549805,
    5.968890190124512,
    5.869339942932129,
    5.423387050628662,
    6.310583114624023,
    5.536960124969482,
    5.533424377441406,
    5.680484771728516,
    6.288386821746826,
    5.3254008293151855,
    6.358949184417725,
    5.463242053985596,
    5.334758758544922,
    6.952820777893066,
    5.4932708740234375,
    6.502381324768066,
    6.672296524047852,
    5.237584590911865,
    7.948669910430908,
    4.749265193939209,
    4.713040828704834,
    5.036501407623291,
    4.602597713470459,
    4.516623020172119,
    4.319730281829834,
    4.586095809936523,
    5.065220355987549,
    5.817540168762207,
    5.2854108810424805,
    5.393194675445557,
    5.624831676483154
  ],
  "w_v": [
    5.343706130981445,
    3.5501649379730225,
    3.6945443153381348,
    3.636103391647339,
    3.4243829250335693,
    3.9395253658294678,
    3.548288583755493,
    3.172975540161133,
    3.269730806350708,
    4.036067008972168,
    3.5744240283966064,
    3.3646702766418457,
    3.933598279953003,
    3.3179421424865723,
    3.400979995727539,
    3.827282190322876,
    3.600205183029175,
    4.018589973449707,
    3.7250421047210693,
    3.9556431770324707,
    3.8181376457214355,
    3.316204786300659,
    5.360148906707764,
    3.4000775814056396,
    3.885948657989502,
    3.950723886489868,
    3.0617854595184326,
    4.650726318359375,
    4.060985565185547,
    3.3096072673797607,
    2.9878032207489014,
    3.4473071098327637,
    3.163088798522949,
    3.2932488918304443,
    3.69323468208313,
    4.6555023193359375,
    3.474681854248047,
    4.912308216094971,
    4.664827823638916,
    4.183577060699463
  ]
}