{
  "w_k": [
    11.341691970825195,
    6.764516353607178,
    6.811391353607178,
    6.54676628112793,
    6.53152322769165,
    7.912691593170166,
    6.09713888168335,
    5.815583229064941,
    5.487372875213623,
    5.083549499511719,
    5.865394592285156,
    5.640429496765137,
    5.622514247894287,
    7.727968215942383,
    5.8723578453063965,
    7.219216823577881,
    7.7943267822265625,
    5.329011917114258,
    7.217978000640869,
    5.382056713104248,
    4.969431400299072,
    5.069215297698975,
    4.895118236541748,
    5.236973762512207,
    5.124679088592529,
    4.977650165557861,
    4.843313694000244,
    4.253169059753418,
    4.798984527587891,
    4.285825729370117,
    4.921797275543213,
    4.79892635345459,
    4.892306804656982,
    4.727706432342529,
    5.604664325714111,
    5.859879016876221
  ],
  "w_v": [
    5.262965202331543,
    3.6794016361236572,
    3.7288262844085693,
    3.7787973880767822,
    3.2409098148345947,
    3.729233980178833,
    3.164808988571167,
    3.6659700870513916,
    3.561314344406128,
    3.683213949203491,
    3.1150784492492676,
    3.559990644454956,
    3.589866876602173,
    5.067400932312012,
    3.5920121669769287,
    4.478558540344238,
    4.378446102142334,
    4.563243389129639,
    5.061891078948975,
    3.326688528060913,
    3.507094383239746,
    3.473569631576538,
    3.0395474433898926,
    2.91015625,
    3.104299545288086,
    3.0531468391418457,
    3.165245771408081,
    3.439582586288452,
    3.2737953662872314,
    3.918163776397705,
    3.3910560607910156,
    3.7377192974090576,
    3.715733766555786,
    5.157866477966309,
    3.5512492656707764,
    5.000804901123047
  ]
}